ID .NO,YEAR & SEM,BRANCH,SUBJECT,ASSIGN_M,TOTAL,GRADE,EX-CUT OFF,A-CUT OFF,B-CUT OFF,C-CUT OFF,D-CUT OFF,E-CUT OFF,EXTRA_MARKS,SUBJECT_CODE
N190848,E1SEM1,MME,Differential Equations and Multivariable Calculus,15,43,R,90,80,70,60,50,40,4,N190848MME1
N190848,E1SEM1,MME,Engineering Mechanics,16,45,R,90,80,70,60,50,40,4,N190848MME2
N190848,E1SEM1,MME,Engineering Physics,35,63,C,90,80,70,60,50,40,4,N190848MME3
N190848,E1SEM1,MME,Programming and Data Structures,24,48,E,90,80,70,60,50,40,4,N190848MME4
N190888,E1SEM1 ,ECE,DLD,10,45,R,90,80,70,60,50,40,5,N190848ECE5
N190888,E1SEM1,ECE,Digital,14,54,R,90,80,70,60,50,40,5,
N190888,E1SEM1,ECE,electronics,23,54,D,90,80,70,60,50,40,5,
N190888,E1SEM1,ECE,EmbbedSystems,9,45,R,90,80,70,60,50,40,5,
N190888,E1SEM1,ECE,C++,16,45,R,90,80,70,60,50,40,5,
N190022,E1SEM1,CHEM,FLUIDS,17,27,R,90,80,70,60,50,40,3,
N190022,E1SEM1,CHEM,C,19,35,R,90,80,70,60,50,40,3,
N190022,E1SEM1,CHEM,OOPS,-1,48,R,90,80,70,60,50,40,3,
N190022,E1SEM1,CHEM,HEAT,20,27,R,90,80,70,60,50,40,3,
N190333,E1SEM1,MECH,CYCLE,28,44,D,90,80,70,60,50,40,4,
N190333,E1SEM1,MECH,TYRE,28,34,R,90,80,70,60,50,40,4,
N190333,E1SEM1,MECH,PHYSICS,19,56,R,90,80,70,60,50,40,4,
N190333,E1SEM1,MECH,QUANTUM,28,39,R,90,90,90,90,90,90,4,
N190098,E1SEM1,CSE,JAVA,19,77,D,90,90,90,90,90,90,3,
N190098,E1SEM1,CSE,C#,23,-1,D,90,90,90,90,90,90,3,
N190098,E1SEM1,CSE,DBMS,23,5,D,90,90,90,90,90,90,3,
N190098,E1SEM1,CSE,EP,-1,34,D,90,90,90,90,90,90,3,
N190098,E1SEM1,CSE,DM,29,38,D,90,90,90,90,90,90,3,
N190345,E1SEM1,EEE,CIRCUITS,17,32,R,90,90,90,90,90,90,4,
N190345,E1SEM1,EEE,CIRCUITS,18,38,R,90,90,90,90,90,90,4,
N190345,E1SEM1,EEE,CIRCUITS,23,31,R,90,90,90,90,90,90,4,
N190345,E1SEM1,EEE,CIRCUITS,15,36,R,90,90,90,90,90,90,4,
N190234,E1SEM1,CIVIL,CHEMISTRY,-1,43,D,90,90,90,90,90,90,2,
N190234,E1SEM1,CIVIL,CHEMISTRY,23,39,D,90,90,90,90,90,90,2,
N190234,E1SEM1,CIVIL,CHEMISTRY,17,46,D,90,90,90,90,90,90,2,
N190234,E1SEM1,CIVIL,CHEMISTRY,23,-1,D,90,90,90,90,90,90,2,
