ID .NO,YEAR & SEM,BRANCH,SUBJECT,ASSIGN_M,TOTAL,GRADE,EX-CUT OFF,A-CUT OFF,B-CUT OFF,C-CUT OFF,D-CUT OFF,E-CUT OFF,EXTRA_MARKS
N190848,E1SEM1,MME,Differential Equations and Multivariable Calculus,15,43,R,90,80,70,60,50,40,
N190848,E1SEM1,MME,Engineering Mechanics,16,45,R,90,80,70,60,50,40,
N190848,E1SEM1,MME,Engineering Physics,35,63,C,90,80,70,60,50,40,
N190848,E1SEM1,MME,Programming and Data Structures,24,48,E,90,80,70,60,50,40,
N190888,E1SEM1 ,ECE,DLD,10,45,R,90,80,70,60,50,40,
N190888,E1SEM1,ECE,Digital,14,54,R,90,80,70,60,50,40,
N190888,E1SEM1,ECE,electronics,23,54,D,90,80,70,60,50,40,
N190888,E1SEM1,ECE,EmbbedSystems,9,45,R,90,80,70,60,50,40,
N190888,E1SEM1,ECE,C++,16,45,R,90,80,70,60,50,40,
